"Guid","Name","Size","Hash","Preview"
"{01368881-C4AD-4B1D-B631-D57A8EC8DB6B}","MonotonicCounter","4","2113CE85FE34509D","CA-02-00-00"
"{01368881-C4AD-4B1D-B631-D57A8EC8DB6B}","OA3MSDMvariable","24","A6B79CACB6B79942",""
"{0A602C5B-05A0-40C4-9181-EDCD891D0013}","GNVS_PTR","4","06CC3492691218EA","18-60-E4-42"
"{0AC01F7B-0E2D-4CE6-8AC3-825EB6647AD9}","LgPreserveSetupData","11","19698D83097D59F2","01-01-01-01-01-00-01-00-01-01-02"
"{0C923CA9-DF73-4AC8-B6D2-98DDC30D99FC}","DefaultUefiDevOrder","20","724783B3630FFBE5",""
"{0C923CA9-DF73-4AC8-B6D2-98DDC30D99FC}","OldBootOrder","4","6B1E73A0094B7B81","00-00-01-00"
"{0C923CA9-DF73-4AC8-B6D2-98DDC30D99FC}","OriUefiDevOrder","20","724783B3630FFBE5",""
"{0C923CA9-DF73-4AC8-B6D2-98DDC30D99FC}","UefiDevOrder","20","724783B3630FFBE5",""
"{0EE72C08-8185-427A-A58A-855B78B7BA0B}","DevFwUpdateFlag","1","4BF5122F344554C5","01"
"{1B838190-4625-4EAD-ABC9-CD5E6AF18FE0}","HiiDB","8","472D7AE346D3694A","DB-11-01-00-00-20-BC-43"
"{1C3483D5-1E7E-4450-9806-DEDE002C974B}","TpvSetup","11","A9AF73563FFA2F11","00-02-00-00-40-E9-42-00-00-00-00"
"{42780DD5-9A7D-404C-80E4-7F7094360394}","BRDS","8","AF5570F5A1810B7A","00-00-00-00-00-00-00-00"
"{42780DD5-9A7D-404C-80E4-7F7094360394}","GPC","13","DD46C3EEBB1884FF","00-00-00-00-00-00-00-00-00-00-00-00-00"
"{42780DD5-9A7D-404C-80E4-7F7094360394}","SADS","2","FCF0A6C700DD13E2","00-02"
"{4B3082A3-80C6-4D7E-9CD0-583917265DF1}","MaximumTableSize","2","494DA3134CA6E584","C8-21"
"{4B3082A3-80C6-4D7E-9CD0-583917265DF1}","SmbiosEntryPointTable","8","FCF8D6A6FF1C889A","00-60-B3-43-00-00-00-00"
"{4B3082A3-80C6-4D7E-9CD0-583917265DF1}","SmbiosEntryPointTableF000","8","AF5570F5A1810B7A","00-00-00-00-00-00-00-00"
"{4B3082A3-80C6-4D7E-9CD0-583917265DF1}","SmbiosScratchBuffer","8","09B3706672E53A3D","18-D0-65-43-00-00-00-00"
"{4B3082A3-80C6-4D7E-9CD0-583917265DF1}","SmbiosV3EntryPointTable","8","C09DEC42D169C37D","00-50-B3-43-00-00-00-00"
"{4B3082A3-80C6-4D7E-9CD0-583917265DF1}","WriteOnceStatus","64","E0205519F6BCDE42",""
"{5BD6B672-B6EA-4D6A-B590-18A932B78794}","BootMediaInfo","12","CA888F40C3CACA80","01-00-00-00-00-00-00-00-00-00-00-00"
"{616E2EA6-AF89-7EB3-F2EF-4E47368A657B}","AUTOPILOT_MARKER","39","404F552EEFA0B905",""
"{61A14FE8-4DAB-4A19-B1E3-97FB23D09212}","IntelVmdOsVariable","64","F5A5FD42D16A2030",""
"{6E4F7C6E-FB26-4510-BC25-7D4C28F79082}","LGFIRSTBOOT","1","4BF5122F344554C5","01"
"{77FA9ABD-0359-4D32-BD60-28F4E78F784B}","CurrentPolicy","1","DBC1B4C900FFE48D","02"
"{7A09BC55-83E8-4D4D-93B0-89D80EEDB720}","PCIEPowerControl","4","8432386E2C3B0E40","35-00-00-00"
"{7B59104A-C00D-4158-87FF-F04D6396A915}","AuthVarPreBootPhase","1","6E340B9CFFB37A98","00"
"{7D3DCEEE-CBCE-4EA7-8709-6E552F1EDBDE}","SIDSUPPORT","1","4BF5122F344554C5","01"
"{7D3DCEEE-CBCE-4EA7-8709-6E552F1EDBDE}","TPMPERBIOSFLAGS","6","008795A0BDABC5DE","01-01-00-00-78-00"
"{7D3DCEEE-CBCE-4EA7-8709-6E552F1EDBDE}","TpmServFlags","8","7B3344AD03D954DB","18-AF-F4-42-00-00-00-00"
"{81C76078-BFDE-4368-9790-570914C01A65}","AmiHardwareSignatureSetupUpdateCountVar","4","44B34BA1E158565C","15-00-00-00"
"{8BE4DF61-93CA-11D2-AA0D-00E098032B8C}","AuditMode","1","6E340B9CFFB37A98","00"
"{8BE4DF61-93CA-11D2-AA0D-00E098032B8C}","Boot0000","300","505AB2CE051546E2",""
"{8BE4DF61-93CA-11D2-AA0D-00E098032B8C}","Boot0001","250","F3C9FD817A7AB14C",""
"{8BE4DF61-93CA-11D2-AA0D-00E098032B8C}","BootCurrent","2","96A296D224F285C6","00-00"
"{8BE4DF61-93CA-11D2-AA0D-00E098032B8C}","BootOptionSupport","4","C9058274E3E7ADEF","13-03-00-00"
"{8BE4DF61-93CA-11D2-AA0D-00E098032B8C}","BootOrder","4","6B1E73A0094B7B81","00-00-01-00"
"{8BE4DF61-93CA-11D2-AA0D-00E098032B8C}","ConIn","62","BEF91A7B94FE96C7",""
"{8BE4DF61-93CA-11D2-AA0D-00E098032B8C}","ConInDev","62","BEF91A7B94FE96C7",""
"{8BE4DF61-93CA-11D2-AA0D-00E098032B8C}","ConOut","36","84763D04E310542A",""
"{8BE4DF61-93CA-11D2-AA0D-00E098032B8C}","ConOutDev","36","84763D04E310542A",""
"{8BE4DF61-93CA-11D2-AA0D-00E098032B8C}","dbDefault","3143","5DBC0253A9BB2A84",""
"{8BE4DF61-93CA-11D2-AA0D-00E098032B8C}","dbxDefault","10444","20AD470092CD989B",""
"{8BE4DF61-93CA-11D2-AA0D-00E098032B8C}","DeployedMode","1","6E340B9CFFB37A98","00"
"{8BE4DF61-93CA-11D2-AA0D-00E098032B8C}","ErrOut","36","84763D04E310542A",""
"{8BE4DF61-93CA-11D2-AA0D-00E098032B8C}","ErrOutDev","36","84763D04E310542A",""
"{8BE4DF61-93CA-11D2-AA0D-00E098032B8C}","HwErrRecSupport","2","47DC540C94CEB704","01-00"
"{8BE4DF61-93CA-11D2-AA0D-00E098032B8C}","KEK","3066","CC3A5DBC7B3AEC3B",""
"{8BE4DF61-93CA-11D2-AA0D-00E098032B8C}","KEKDefault","1560","8599624905E4FA11",""
"{8BE4DF61-93CA-11D2-AA0D-00E098032B8C}","OsIndications","8","AF5570F5A1810B7A","00-00-00-00-00-00-00-00"
"{8BE4DF61-93CA-11D2-AA0D-00E098032B8C}","OsIndicationsSupported","8","D5CC13B299A327F4","1F-00-00-00-00-00-00-00"
"{8BE4DF61-93CA-11D2-AA0D-00E098032B8C}","PK","862","1A7001C14FCBABD2",""
"{8BE4DF61-93CA-11D2-AA0D-00E098032B8C}","PKDefault","862","1A7001C14FCBABD2",""
"{8BE4DF61-93CA-11D2-AA0D-00E098032B8C}","PlatformLang","6","8F180E8EB56EB34F","65-6E-2D-55-53-00"
"{8BE4DF61-93CA-11D2-AA0D-00E098032B8C}","PlatformLangCodes","32","F7AC12DD6EF477AE",""
"{8BE4DF61-93CA-11D2-AA0D-00E098032B8C}","SecureBoot","1","4BF5122F344554C5","01"
"{8BE4DF61-93CA-11D2-AA0D-00E098032B8C}","SetupMode","1","6E340B9CFFB37A98","00"
"{8BE4DF61-93CA-11D2-AA0D-00E098032B8C}","SignatureSupport","144","F8B3F359E3073393",""
"{8BE4DF61-93CA-11D2-AA0D-00E098032B8C}","Timeout","2","47DC540C94CEB704","01-00"
"{8BE4DF61-93CA-11D2-AA0D-00E098032B8C}","VendorKeys","1","6E340B9CFFB37A98","00"
"{92DAAF2F-C02B-455B-B2EC-F5A3594F4AEA}","EWRD","33","7F9C9E31AC8256CA",""
"{92DAAF2F-C02B-455B-B2EC-F5A3594F4AEA}","GPC","13","DD46C3EEBB1884FF","00-00-00-00-00-00-00-00-00-00-00-00-00"
"{92DAAF2F-C02B-455B-B2EC-F5A3594F4AEA}","SADS","2","FCF0A6C700DD13E2","00-02"
"{92DAAF2F-C02B-455B-B2EC-F5A3594F4AEA}","SPLC","9","C12AA228FF0CA73B","00-FF-FF-00-00-30-75-00-00"
"{92DAAF2F-C02B-455B-B2EC-F5A3594F4AEA}","WAND","7","8C20E76A160A13F6","00-B3-32-32-00-32-32"
"{92DAAF2F-C02B-455B-B2EC-F5A3594F4AEA}","WGDS","19","BAEF30FBA5BC69DA",""
"{92DAAF2F-C02B-455B-B2EC-F5A3594F4AEA}","WRDD","3","B5ED7A84C45DBCBE","00-50-41"
"{92DAAF2F-C02B-455B-B2EC-F5A3594F4AEA}","WRDS","12","15EC7BF0B50732B4","00-00-00-00-00-00-00-00-00-00-00-00"
"{97E8965F-C761-4F48-B6E4-9FFA9CB2A2D6}","DeploymentModeNv","1","6E340B9CFFB37A98","00"
"{9D0DA369-540B-46F8-85A0-2B5F2C301E15}","EfiTime","3","0AC9C229C035D91B","FF-07-00"
"{A8A2093B-FEFA-43C1-8E62-CE526847265E}","AMITCGPPIVAR","24","9D908ECFB6B256DE",""
"{A9B5F8D2-CB6D-42C2-BC01-B5FFAAE4335E}","PBRDevicePath","536","8C416812C1C5BC9A",""
"{B08F97FF-E6E8-4193-A997-5E9E9B0ADB32}","CpuSetupVolatileData","11","69966BBBC3A5B7F3","A0-06-09-00-03-00-00-00-88-00-3C"
"{B39AF7E9-E484-4260-8165-07399F924DDC}","PlatformData","64","797E68C4DC4171BB",""
"{BB983CCF-151D-40E1-A07B-4A17BE168292}","MemoryOverwriteRequestControlLock","1","DBC1B4C900FFE48D","02"
"{D32B96A5-648C-4D80-8767-B40DBEC662FA}","RetLan","8","2C4B4C3F34A105B9","88-EF-30-02-00-00-00-00"
"{D719B2CB-3D3A-4596-A3BC-DAD00E67656F}","db","7636","28DC00196493F717",""
"{D719B2CB-3D3A-4596-A3BC-DAD00E67656F}","dbx","21568","F8899F075E01944B",""
"{DE8AB926-EFDA-4C23-BBC4-98FD29AA0069}","FixedBoot","648","F4BD841308415DE6",""
"{E20939BE-32D4-41BE-A150-897F85D49829}","MemoryOverwriteRequestControl","1","4A64A107F0CB3253","11"
"{EA1FCAEE-3A77-4BB8-9B98-518E75D29A99}","MotherBoardHealth","16","B82FA6D339AAB0FA","39-62-0B-8B-02-00-00-00-93-02-00-00-00-00-00-00"
"{EAEC226F-C9A3-477A-A826-DDC716CDC0E3}","OfflineUniqueIDEKPub","256","CCEB372EDD0826B5",""
"{EAEC226F-C9A3-477A-A826-DDC716CDC0E3}","OfflineUniqueIDEKPubCRC","4","E4A28B2F785A7993","A5-E7-7B-B2"
"{EAEC226F-C9A3-477A-A826-DDC716CDC0E3}","UnlockIDCopy","32","36897A62D7B2EB1B",""
"{EB41D646-F49F-4655-9165-21D1224E3932}","AmiEmaIndications","4","67ABDD721024F0FF","01-00-00-00"
"{EC87D643-EBA4-4BB5-A1E5-3F3E36B20DA9}","FixedBootGroup","38","6E85E1057B6BC188",""
"{EC87D643-EBA4-4BB5-A1E5-3F3E36B20DA9}","InitSetupVariable","1","4BF5122F344554C5","01"
"{EC87D643-EBA4-4BB5-A1E5-3F3E36B20DA9}","TbtSetupVolatileData","6","6FF0F845DF642310","00-04-01-01-01-01"
"{FE47349A-7F0D-4641-822B-34BAA28ECDD0}","UIT_DATA","17","AFBE17B2212F6EEE",""
"{FE47349A-7F0D-4641-822B-34BAA28ECDD0}","UIT_HEADER","32","4CECEF3ACEC80678",""
